t,B,R,E
0.0,0.05,0.0,0.0
0.1,0.05049743327775149,5.012310551765458e-05,1.2458150015728646e-07
0.2,0.050999764365446155,0.00010049485369076453,4.966704962385206e-07
0.30000000000000004,0.05150704046842779,0.00015111891352211865,1.1138251322014769e-06
0.4,0.05201930922663274,0.00020199898301944178,1.9736581866472323e-06
0.5,0.052536618718181355,0.00025313878948603094,3.0738364040807972e-06
0.6,0.053059017462990625,0.0003045420898135349,4.412079837575644e-06
0.7,0.05358655442640807,0.00035621267077688793,5.986161202683007e-06
0.7999999999999999,0.05411927902286674,0.0004081543493314077,7.793905242429273e-06
0.8999999999999999,0.054657241119561245,0.0004603709729120679,9.83318810324713e-06
0.9999999999999999,0.05520049104014476,0.0005128664197349556,1.2101936721688517e-05
1.0999999999999999,0.055749079568446956,0.0005656445991009233,1.4598128221769733e-05
1.2,0.05630305795221269,0.0006187094517014452,1.73197893228013e-05
1.3,0.0568624779068614,0.0006720649499266885,2.026499575755749e-05
1.4000000000000001,0.05742739161926714,0.0007257150981758076,2.343187170064253e-05
1.5000000000000002,0.05799785175155904,0.000779663933169472,2.6818589206912813e-05
1.6000000000000003,0.058573911444942214,0.0008339155242646368,3.0423367659816437e-05
1.7000000000000004,0.059155624323538866,0.0008884739737715641,3.4244473229513606e-05
1.8000000000000005,0.05974304449824955,0.0009433434172731057,3.8280218340643484e-05
1.9000000000000006,0.06033622657063438,0.0009985280239462543,4.252896114960508e-05
2.0000000000000004,0.060935225636814166,0.0010540319968859726,4.698910503122183e-05
2.1000000000000005,0.06154009729139114,0.0011098595734313087,5.165909807466155e-05
2.2000000000000006,0.06215089763138929,0.001166015025493805,5.653743258848519e-05
2.3000000000000007,0.06276768326021404,0.0012225026598882112,6.162264461470001e-05
2.400000000000001,0.06339051129163109,0.0012793268186655046,6.691331345169455e-05
2.500000000000001,0.06401943935376439,0.00133649187944823,7.240806118593454e-05
2.600000000000001,0.06465452559311276,0.001394002255768163,7.810555223230104e-05
2.700000000000001,0.06529582867858527,0.0014518623974063068,8.400449288295341e-05
2.800000000000001,0.06594340780555503,0.0015100767907352262,9.01036308646021e-05
2.9000000000000012,0.06659732269993109,0.0015686499590637274,9.640175490407737e-05
3.0000000000000013,0.06725763362224836,0.0016275864629838905,0.0001028976943020824
3.1000000000000014,0.0679244013717754,0.0016868909007204576,0.00010959031851502028
3.2000000000000015,0.06859768729063946,0.001746567908482587,0.00011647853674478676
3.3000000000000016,0.06927755326796904,0.0018066221608179745,0.00012356129753642159
3.4000000000000017,0.06996406174405319,0.0018670583709693507,0.00013083758838351332
3.5000000000000018,0.07065727571451769,0.0019278812912333564,0.00013830643534125416
3.600000000000002,0.0713572587345176,0.0019890957133218024,0.00014596690264704238
3.700000000000002,0.072064074922946,0.0020507064687253188,0.0001538180923485321
3.800000000000002,0.07277778896665843,0.002112718429079394,0.00016185914393903133
3.900000000000002,0.07349846612471297,0.0021751365065328133,0.0001700892340001506
4.000000000000002,0.07422617223262556,0.0022379656541184944,0.00017850757585160647
4.100000000000001,0.07496097370664,0.0023012108661267265,0.00018711341920808487
4.200000000000001,0.0757029375480126,0.0023648771784808135,0.00019590604984307151
4.300000000000001,0.07645213134731102,0.0024289696691151275,0.00020488478925955733
4.4,0.0772086232887267,0.0024934934583555677,0.00021404899436752863
4.5,0.07797248215440092,0.0025584537093024337,0.00022339805716815292
4.6,0.07874377732876368,0.002623855628215708,0.0002329314044445726
4.699999999999999,0.0795225788028853,0.0026897044649027554,0.0002426484974592203
4.799999999999999,0.08030895717884008,0.00275600551310843,0.0002525488316575705
4.899999999999999,0.08110298367408184,0.0028227641109076,0.0002626319363782437
4.999999999999998,0.0819047301258306,0.002889985641100083,0.0002728973745693808
5.099999999999998,0.08271426899547026,0.0029576755316079928,0.00028334474251120567
5.1999999999999975,0.08353167337295644,0.0030258392558754964,0.0002939736695446965
5.299999999999997,0.08435701698123439,0.00309448233327098,0.00030478381780628616
5.399999999999997,0.0851903741806661,0.003163610329491618,0.00031577488196851477
5.4999999999999964,0.08603181997346641,0.0032332288569703496,0.0003269465889865564
5.599999999999996,0.0868814300081473,0.003303343575285249,0.00033829869785054586
5.699999999999996,0.08773928058397003,0.003373960191571296,0.00034983099934362996
5.799999999999995,0.08860544865540447,0.0034450844609345333,0.00036154331580567065
5.899999999999995,0.08948001183659508,0.003516722186868615,0.0003734355009025271
5.999999999999995,0.09036304840583285,0.003588879221673729,0.0003855074394008462
6.099999999999994,0.09125463731003278,0.003661561466877899,0.00039775904694829066
6.199999999999994,0.09215485816921602,0.003734774873660651,0.00041019026985913574
6.299999999999994,0.0930637912809963,0.003808525443279041,0.0004228010849051667
6.399999999999993,0.09398151762506976,0.003882819227496035,0.0004355914991118092
6.499999999999993,0.09490811886770761,0.003957662329011231,0.00044856154955942666
6.5999999999999925,0.09584367736625095,0.004033060901893918,0.0004617113031897195
6.699999999999992,0.09678827617360694,0.004109021152018456,0.0004750408566171615
6.799999999999992,0.09774199904274569,0.0041855493375019745,0.00048855033594541
6.8999999999999915,0.09870493043119702,0.004262651769144368,0.0005022398965886268
6.999999999999991,0.0996771555055464,0.004340334810870588,0.0005161097230976497
7.099999999999991,0.10065876014592928,0.004418604880175208,0.0005301600289909512
7.19999999999999,0.10164983095052292,0.004497468448569258,0.0005443910565903268
7.29999999999999,0.10265045524003497,0.004576932042029303,0.0005588030768612519
7.39999999999999,0.10366072106218793,0.004657002241448764,0.0005733963892578508
7.499999999999989,0.10468071719619863,0.004737685683091455,0.0005881713215724179
7.599999999999989,0.10571053315725178,0.0048189890590473235,0.0006031282297894359
7.699999999999989,0.1067502592009668,0.00490091911769038,0.0006182674979440353
7.799999999999988,0.10779998632785687,0.00498348266413879,0.0006335895379848377
7.899999999999988,0.10885980628777929,0.005066686560717122,0.0006490947896411308
7.999999999999988,0.10992981158437629,0.005150537727420717,0.0006647837202943201
8.099999999999987,0.111010095479505,0.005235043142382172,0.0006806568248536037
8.199999999999987,0.11210075199765591,0.00532020984233991,0.0006967146256358186
8.299999999999986,0.1132018759303586,0.005406044923108809,0.0007129576722494066
8.399999999999986,0.11431356284057353,0.005492555540052877,0.000729386541482448
8.499999999999986,0.11543590906706912,0.005579748908559942,0.0007460018371947131
8.599999999999985,0.11656901172878271,0.00566763230451833,0.0007628041902136817
8.699999999999985,0.1177129687291645,0.005756213064795511,0.0007797942582344808
8.799999999999985,0.11886787876050303,0.005845498587718675,0.0007969727257236931
8.899999999999984,0.12003384130823136,0.00593549633355723,0.0008143403038269862
8.999999999999984,0.1212109566552123,0.0060262138250071606,0.000831897730280517
9.099999999999984,0.12239932588600191,0.006117658647677249,0.0008496457693260628
9.199999999999983,0.12359905089108965,0.006209838450577106,0.0008675852116298344
9.299999999999983,0.124810234371114,0.006302760946606984,0.0008857168742049229
9.399999999999983,0.1260329798410523,0.006396433913049346,0.0009040416003373381
9.499999999999982,0.12726739163438336,0.0064908651920621415,0.0009225602595155896
9.599999999999982,0.12851357490722148,0.006586062691173763,0.0009412737473637707
9.699999999999982,0.12977163564242053,0.006682034383779645,0.0009601829855780974
9.799999999999981,0.13104168065364658,0.006778788309640462,0.0009792889218668613
9.89999999999998,0.13232381758941764,0.006876332575381886,0.0009985925298937525
9.99999999999998,0.1336181549371091,0.00697467535499587,0.001018094809224511
10.0,0.13361815493710935,0.006974675354995889,0.0010180948092245149
10.0,0.07963758399176601,0.017770789544064556,0.0010180948092245149
10.1,0.0804250810360887,0.01776198864232908,0.001091105978325952
10.2,0.08122023671023511,0.017754020983840407,0.0011629885479010815
10.299999999999999,0.0820231229428095,0.017746890088148302,0.0012337634644656434
10.399999999999999,0.08283381228722662,0.01774059952930931,0.0013034513802842515
10.499999999999998,0.08365237792612117,0.01773515293624035,0.0013720726580226015
10.599999999999998,0.08447889367576698,0.01773055399307494,0.001439647375332176
10.699999999999998,0.0853134339905056,0.01772680643952209,0.0015061953293684688
10.799999999999997,0.0861560739671835,0.017723914071227795,0.0015717360412437274
10.899999999999997,0.08700688934959767,0.017721880740139164,0.001636288760415204
10.999999999999996,0.0878659565329488,0.017720710354871192,0.0016998724690098874
11.099999999999996,0.08873335256830164,0.017720406881076112,0.0017625058860866753
11.199999999999996,0.08960915516705185,0.017720974341815392,0.0018242074718369298
11.299999999999995,0.09049344270539884,0.017722416817934312,0.0018849954317243472
11.399999999999995,0.09138629422882395,0.017724738448439147,0.0019448877205650605
11.499999999999995,0.09228778945657329,0.017727943430876938,0.002003902046548872
11.599999999999994,0.09319800878614466,0.01773203602171784,0.0020620558752025117
11.699999999999994,0.0941170332977779,0.017737020536740044,0.002119366433295793
11.799999999999994,0.09504494475894787,0.01774290135141726,0.0021758507126915304
11.899999999999993,0.0959818256288595,0.017749682901308732,0.0022315254741400673
11.999999999999993,0.09692775906294415,0.017757369682451833,0.002286407251019255
12.099999999999993,0.09788282891735652,0.017765966251757144,0.0023405123530207033
12.199999999999992,0.0988471197534713,0.01777547722740607,0.0023938568697831164
12.299999999999992,0.099820716842379,0.017785907289250964,0.0024464566744735183
12.399999999999991,0.1008037061693799,0.017797261179217712,0.002498327427317149
12.499999999999991,0.10179617443847547,0.017809543701710825,0.0025494845790768115
12.59999999999999,0.1027982090768564,0.017822759724020976,0.002599943374482439
12.69999999999999,0.10380989823938638,0.01783691417673496,0.0026497188556116246
12.79999999999999,0.1048313308130808,0.017852012054148103,0.0026988258652218674
12.89999999999999,0.1058625964215793,0.017868058414679085,0.0027472790500352572
12.99999999999999,0.10690378542961161,0.017885058381287126,0.0027950928639763235
13.099999999999989,0.10795498894745528,0.01790301714189155,0.002842281571363754
13.199999999999989,0.1090162988353848,0.017921939949793717,0.0028888592500566825
13.299999999999988,0.11008780770811079,0.017941832124101265,0.0029348397945562358
13.399999999999988,0.11116960893920842,0.017962699050154664,0.0029802369190630143
13.499999999999988,0.11226179666553404,0.01798454617995605,0.0030250641604911755
13.599999999999987,0.11336446579162887,0.018007379032600336,0.003069334881439779
13.699999999999987,0.1144777119941088,0.018031203194708533,0.003113062273122036
13.799999999999986,0.11560163172603911,0.01805602432086331,0.0031562593582531067
13.899999999999986,0.11673632222129306,0.018081848134046702,0.0031989389938970694
13.999999999999986,0.11788188149889307,0.018108680426080017,0.0032411138742736816
14.099999999999985,0.1190384083673336,0.018136527058065833,0.0032827965335255433
14.199999999999985,0.12020600242888421,0.01816539396083211,0.0033239993484462595
14.299999999999985,0.12138476408387175,0.01819528713537837,0.0033647345411701966
14.399999999999984,0.12257479453494045,0.018226212653323904,0.0034050141818244115
14.499999999999984,0.12377619579128861,0.018258176657357992,0.0034448501911433288
14.599999999999984,0.12498907067288047,0.01829118536169208,0.0034842543430467295
14.699999999999983,0.12621352281463216,0.0183252450525139,0.0035232382671816073
14.799999999999983,0.12744965667057018,0.018360362088443476,0.0035618134514284394
14.899999999999983,0.12869757751796115,0.01839654290099101,0.0035999912443724124
14.999999999999982,0.12995739146141136,0.01843379399501656,0.0036377828577401333
15.099999999999982,0.13122920543693456,0.018472121949191518,0.0036751993688023464
15.199999999999982,0.13251312721598693,0.018511533416461834,0.0037122517227431763
15.299999999999981,0.1338092654094672,0.018552035124512915,0.003748950734996397
15.39999999999998,0.13511772947168074,0.018593633876236196,0.0037853070935492325
15.49999999999998,0.13643862970426598,0.018636336550197308,0.003821331361214176
15.59999999999998,0.1377720772600816,0.018680150101105814,0.0038570339778693148
15.69999999999998,0.13911818414705268,0.018725081560286468,0.003892425262667634
15.79999999999998,0.14047706323197454,0.018771138036151918,0.003927515416215772
15.899999999999979,0.14184882824427214,0.018818326714676845,0.00396231452272269
15.999999999999979,0.1432335937797137,0.018866654859873443,0.003996832552118702
16.09999999999998,0.14463147530407658,0.018916129814268233,0.004031079362145326
16.19999999999998,0.14604258915676366,0.01896675899938011,0.004065064700416387
16.299999999999983,0.14746705255436862,0.0190185499161996,0.004098798206450813
16.399999999999984,0.14890498359418786,0.019071510145669258,0.004132289413677543
16.499999999999986,0.1503565012576776,0.01912564734916512,0.0041655477514129765
16.599999999999987,0.15182172541385414,0.019180969268979216,0.004198582546811374
16.69999999999999,0.153300776822635,0.01923748372880301,0.0042314030267886155
16.79999999999999,0.15479377713811948,0.01929519863421174,0.004264018319919719
16.89999999999999,0.1563008489118063,0.01935412197314958,0.004296437458310516
16.999999999999993,0.15782211559574624,0.019414261816415562,0.00432866937944387
17.099999999999994,0.15935770154562798,0.01947562631815019,0.004360722928000823
17.199999999999996,0.1609077320237946,0.019538223716322658,0.004392606857657043
17.299999999999997,0.16247233320218898,0.019602062333218637,0.004424329832854945
17.4,0.16405163216522567,0.019667150575928497,0.004455900430551855
17.5,0.165645756912587,0.019733496936835945,0.004487327141944565
17.6,0.16725483636194133,0.019801109994106975,0.00451861837417064
17.700000000000003,0.16887900035158085,0.019869998412179034,0.0045497824519868295
17.800000000000004,0.17051837964297692,0.019940170942250358,0.004580827619424908
17.900000000000006,0.1721731059232502,0.020011636422769367,0.004611762041425301
18.000000000000007,0.17384331180755347,0.020084403779924032,0.004642593805448812
18.10000000000001,0.1755291308413645,0.020158482028131145,0.004673330923066787
18.20000000000001,0.17723069750268655,0.020233880270525383,0.004703981331530027
18.30000000000001,0.1789481472041537,0.020310607699448088,0.004734552895316775
18.400000000000013,0.18068161629503893,0.020388673596935646,0.004765053407660077
18.500000000000014,0.18243124206316189,0.020468087335207403,0.004795490592054826
18.600000000000016,0.18419716273669381,0.020548858377152982,0.004825872103744791
18.700000000000017,0.18597951748585698,0.02063099627681893,0.004856205531189923
18.80000000000002,0.18777844642451583,0.020714510679894573,0.00488649839751423
18.90000000000002,0.18959409061165716,0.02079941132419697,0.004916758161934501
19.00000000000002,0.1914265920527563,0.020885708040154907,0.004946992221170166
19.100000000000023,0.19327609370102658,0.020973410751291714,0.004977207910834568
19.200000000000024,0.19514273945854912,0.02106252947470694,0.00500741250680791
19.300000000000026,0.1970266741772802,0.02115307432155663,0.0050376132265921485
19.400000000000027,0.19892804365993272,0.02124505549753217,0.005067817230648102
19.50000000000003,0.20084699466072928,0.021338483303337572,0.005098031623715014
19.60000000000003,0.2027836748860235,0.021433368135165047,0.005128263456112846
19.70000000000003,0.2047382329947865,0.021529720485168765,0.0051585197250275305
19.800000000000033,0.20671081859895532,0.021627550941936666,0.005188807375779435
19.900000000000034,0.20870158226364036,0.021726870190960198,0.005219133303075283
20.0,0.21071067550718756,0.021827689015101816,0.0052495043522437475
20.0,0.125585397632257,0.038852744590087925,0.0052495043522437475
20.1,0.12681553970774034,0.03878485075103541,0.005363993878781383
20.200000000000003,0.12805741479086077,0.03871852845374544,0.005476445850156313
20.300000000000004,0.1293111285622834,0.03865378161652833,0.005586898410393785
20.400000000000006,0.13057678753200302,0.03859061424398226,0.005695389155288317
20.500000000000007,0.1318544990433959,0.03852903042739225,0.00580195514099501
20.60000000000001,0.13314437127723808,0.03846903434513107,0.005906632892494924
20.70000000000001,0.13444651325568796,0.03841063026306219,0.006009458411936419
20.80000000000001,0.13576103484623234,0.03835382253494471,0.006110467186854319
20.900000000000013,0.1370880467655938,0.03829861560284012,0.006209694198268717
21.000000000000014,0.1384276605835981,0.03824501399752095,0.00630717392866523
21.100000000000016,0.13977998872699982,0.038193022338881215,0.006402940369858473
21.200000000000017,0.14114514448326476,0.038142645336348584,0.00649702703074051
21.30000000000002,0.14252324200430724,0.03809388778929827,0.006589466944915987
21.40000000000002,0.14391439631018055,0.03804675458746857,0.006680292678225656
21.50000000000002,0.14531872329271897,0.038001250711377936,0.006769536336159951
21.600000000000023,0.14673633971912936,0.03795738123274365,0.006857229571164268
21.700000000000024,0.14816736323553067,0.03791515131490189,0.00694340358983756
21.800000000000026,0.14961191237043936,0.03787456621322926,0.007028089160025851
21.900000000000027,0.15107010653819888,0.03783563127556565,0.007111316617812235
22.00000000000003,0.15254206604235143,0.03779835194263837,0.0071931158744049095
22.10000000000003,0.15402791207894972,0.037762733748487515,0.007273516422924768
22.20000000000003,0.15552776673980706,0.037728782320892475,0.00735254734509405
22.300000000000033,0.15704175301568357,0.03769650338179952,0.007430237317827532
22.400000000000034,0.15856999479940645,0.03766590274775043,0.007506614619727713
22.500000000000036,0.16011261688892217,0.03763698633031202,0.007581707137485425
22.600000000000037,0.16166974499027867,0.037609760136506555,0.007655542372187292
22.70000000000004,0.16324150572053497,0.03758423026924298,0.007728147445531411
22.80000000000004,0.1648280266105965,0.03756040292774882,0.0077995491059526445
22.90000000000004,0.1664294361079734,0.03753828440800275,0.00786977373465886
23.000000000000043,0.16804586357945972,0.0375178811031677,0.007938847351579452
23.100000000000044,0.16967743931373142,0.037499199504024444,0.008006795621227447
23.200000000000045,0.17132429452386028,0.03748224619940557,0.008073643858476495
23.300000000000047,0.17298656134974177,0.03746702787662977,0.008139417034253998
23.40000000000005,0.17466437286043426,0.03745355132193628,0.008204139781151643
23.50000000000005,0.17635786305640708,0.037441823420919534,0.00826783639895455
23.60000000000005,0.17806716687169488,0.03743185115896377,0.008330530860090281
23.700000000000053,0.17979242017595587,0.0374236416216776,0.008392246814998847
23.800000000000054,0.18153375977643119,0.03741720199532843,0.008453007597424953
23.900000000000055,0.1832913234198028,0.037412539567276575,0.008512836229633593
24.000000000000057,0.18506524979394734,0.03740966172640906,0.008571755427550148
24.10000000000006,0.18685567852958293,0.037408575963572915,0.008629787605826115
24.20000000000006,0.18866275020180656,0.037409289872007916,0.00868695488283156
24.30000000000006,0.1904866063315189,0.03741181114777864,0.008743279085575394
24.400000000000063,0.19232738938673397,0.03741614759020574,0.008798781754554535
24.500000000000064,0.19418524278377045,0.037422307102296305,0.008853484148533016
24.600000000000065,0.19606031088832213,0.03743029769117319,0.00890740724925207
24.700000000000067,0.19795273901640414,0.03744012746850323,0.008960571766072224
24.800000000000068,0.19986267343517222,0.03745180465092422,0.0090129981405484
24.90000000000007,0.2017902613636117,0.037465337560470456,0.009064706550939022
25.00000000000007,0.20373565097309349,0.03748073462499682,0.009115716916650089
25.100000000000072,0.20569899138779354,0.03749800437860124,0.009166048902615196
25.200000000000074,0.20768043268497285,0.03751715546204538,0.009215721923612431
25.300000000000075,0.2096801258951147,0.037538196623173405,0.009264755148519089
25.400000000000077,0.2116982230019158,0.0375611367173288,0.009313167504505107
25.500000000000078,0.21373487694212825,0.03758598470776897,0.009360977681166144
25.60000000000008,0.21579024160524873,0.03761274966607752,0.009408204134597161
25.70000000000008,0.21786447183305163,0.03764144077257417,0.009454865091407411
25.800000000000082,0.21995772341896264,0.037672067316722006,0.00950097855267767
25.900000000000084,0.22207015310726952,0.037704638697532024,0.00954656229786057
26.000000000000085,0.2242019185921662,0.037739164423964786,0.009591633888624867
26.100000000000087,0.226353178516627,0.03777565411532902,0.009636210672644457
26.200000000000088,0.22852409247110705,0.037814117501677076,0.00968030978733295
26.30000000000009,0.23071482099206544,0.03785456442419692,0.009723948163524607
26.40000000000009,0.2329255255603075,0.037897004835600726,0.009767142529102399
26.500000000000092,0.2351563685991423,0.03794144880050971,0.009809909412573979
26.600000000000094,0.23740751347235167,0.03798790649583513,0.009852265146596316
26.700000000000095,0.23967912448196696,0.038036388211155285,0.009894225871449723
26.800000000000097,0.2419713668658497,0.03808690434908829,0.009935807538462042
26.900000000000098,0.24428440679507216,0.0381394654256605,0.009977025913383675
27.0000000000001,0.24661841137109414,0.03819408207067035,0.010017896579714186
27.1000000000001,0.24897354862273163,0.03825076502804753,0.01005843494198118
27.200000000000102,0.2513499875029137,0.03830952515620714,0.010098656228972122
27.300000000000104,0.25374789788522345,0.03837037342839884,0.010138575496919797
27.400000000000105,0.2561674505602187,0.038433320933050616,0.010178207632642058
27.500000000000107,0.2586088172315289,0.03849837887410708,0.010217567356636526
27.600000000000108,0.26107217051172316,0.03856555857136209,0.010256669226130876
27.70000000000011,0.2635576839179463,0.03863487146078547,0.010295527638089346
27.80000000000011,0.26606553186731785,0.038706329094843624,0.010334156832176101
27.900000000000112,0.26859588967209,0.03877994314281379,0.01037257089367604
28.000000000000114,0.2711489335345605,0.03885572539109189,0.01041078375637367
28.100000000000115,0.2737248405417354,0.038933687743493525,0.01044880920539063
28.200000000000117,0.27632378865973833,0.03901384222154812,0.010486660879982441
28.300000000000118,0.2789459567279609,0.039096200964785804,0.010524352276295064
28.40000000000012,0.2815915244529505,0.03918077623101698,0.010561896750081826
28.50000000000012,0.2842606724020305,0.03926758039660418,0.010599307519381256
28.600000000000122,0.28695358199664894,0.039356625956726184,0.010636597667156392
28.700000000000124,0.28967043550545063,0.0394479255256339,0.010673780143896083
28.800000000000125,0.29241141603706844,0.03954149183689805,0.010710867770178805
28.900000000000126,0.29517670753262903,0.039637337743648214,0.010747873239199521
29.000000000000128,0.29796649475796855,0.0397354762188031,0.010784809119260087
29.10000000000013,0.3007809632955536,0.03983592035529171,0.010821687856223696
29.20000000000013,0.3036202995361029,0.03993868336626524,0.010858521775933857
29.300000000000132,0.3064846906699048,0.0400437785852994,0.010895323086598383
29.400000000000134,0.30937432467782605,0.04015121946658688,0.010932103881138883
29.500000000000135,0.31228939032200725,0.04026101958511979,0.010968876139506175
29.600000000000136,0.3152300771362399,0.040373192636861684,0.01100565173096214
29.700000000000138,0.31819657541602075,0.040487752438909036,0.011042442416328404
29.80000000000014,0.3211890762082783,0.04060471292964177,0.011079259850202333
29.90000000000014,0.32420777130076683,0.04072408816886263,0.011116115583140749
30.000000000000142,0.32725285321112335,0.04084589233792516,0.01115302106381179
30.100000000000144,0.3303245151755821,0.040970139739849906,0.011189987641115362
30.200000000000145,0.33342295113734255,0.041096844799428614,0.011227026566272542
30.300000000000146,0.3365483557345856,0.04122602206331615,0.011264148994884376
30.400000000000148,0.3397009242881332,0.04135768620010984,0.011301365988960449
30.50000000000015,0.3428808527887468,0.041491852000415885,0.011338688518917612
30.60000000000015,0.34608833788405935,0.041628534376902615,0.011376127465549246
30.700000000000152,0.3493235768651368,0.04176774836434027,0.011413693621965452
30.800000000000153,0.3525867676526635,0.04190950911962696,0.011451397695504496
30.900000000000155,0.35587810878274684,0.04205383192180056,0.011489250309615916
31.000000000000156,0.3591977993923371,0.04220073217203617,0.011527262005715591
31.100000000000158,0.3625460392042565,0.04235022539362884,0.011565443245013168
31.20000000000016,0.36592302851183367,0.042502327231961304,0.011603804410312134
31.30000000000016,0.36932896816313826,0.04265705345445627,0.011642355807782912
31.400000000000162,0.37276405954481096,0.04281441995051309,0.011681107668709268
31.500000000000163,0.37622850456548457,0.04297444273142838,0.011720070151208373
31.600000000000165,0.37972250563879106,0.043137137930300266,0.011759253341924814
31.700000000000166,0.38324626566595,0.04330252180191604,0.011798667257698875
31.800000000000168,0.38679998801793386,0.04347061072262267,0.011838321847209381
31.90000000000017,0.39038387651720546,0.04364142119018008,0.011878226992591388
32.00000000000017,0.393998135419023,0.04381496982359661,0.011918392511029026
32.10000000000017,0.3976429693923081,0.043991273362946524,0.01195882815632377
32.20000000000017,0.4013185835000723,0.04417034866916909,0.011999543620438391
32.300000000000175,0.40502518317939823,0.044352212723848906,0.012040548535016909
32.400000000000176,0.40876297422096936,0.04453688262897711,0.012081852472880744
32.50000000000018,0.4125321627481462,0.04472437560669322,0.012123464949501386
32.60000000000018,0.41633295519558283,0.04491470899900704,0.012165395424449799
32.70000000000018,0.4201655582873805,0.04510790026750051,0.012207653302822813
32.80000000000018,0.4240301790147736,0.04530396699300891,0.012250247936646754
32.90000000000018,0.42792702461334425,0.04550292687528127,0.012293188626258547
33.000000000000185,0.4318563025397615,0.045704797732619394,0.012336484621664506
33.100000000000186,0.4358182204480404,0.04590959750149534,0.012380145123877062
33.20000000000019,0.4398129861653183,0.04611734423614684,0.012424179286229627
33.30000000000019,0.44384080766714323,0.04632805610815032,0.01246859621566983
33.40000000000019,0.4479018930522719,0.046541751405971186,0.01251340497403131
33.50000000000019,0.4519964505169724,0.04675844853449095,0.012558614579284299
33.60000000000019,0.45612468832882913,0.04697816601451084,0.012604234006765172
33.700000000000195,0.46028681480004596,0.04720092248223148,0.01265027219038517
33.800000000000196,0.4644830382602442,0.04742673668870835,0.01269673802381849
33.9000000000002,0.46871356702875233,0.047655627499282475,0.012743640361669913
34.0000000000002,0.47297860938638475,0.04788761389298615,0.012790988020622176
34.1000000000002,0.47727837354670527,0.04812271496192318,0.012838789780563232
34.2000000000002,0.48161306762677397,0.04836094991062326,0.012887054385693604
34.3000000000002,0.4859828996173736,0.04860233805537021,0.012935790545613972
34.400000000000205,0.4903880773527133,0.048846898823503536,0.01298500693639317
34.500000000000206,0.4948288084796069,0.04909465175269301,0.013034712201616757
34.60000000000021,0.49930530042612387,0.049345616490185866,0.013084914953416297
34.70000000000021,0.5038177603697098,0.04959981279202622,0.01313562377347952
34.80000000000021,0.5083663952047757,0.04985726052224631,0.013186847214041501
34.90000000000021,0.5129514115097524,0.05011797965202915,0.013238593798856982
35.00000000000021,0.5175730155136105,0.050381990258842296,0.013290872024154009
35.100000000000215,0.5222314130618414,0.050649312525542195,0.013343690359568994
35.200000000000216,0.5269268095819014,0.05091996673944883,0.013397057249063331
35.30000000000022,0.5316594100481143,0.051193973291390256,0.013450981111821704
35.40000000000022,0.5364294189460341,0.05147135267471659,0.013505470343132202
35.50000000000022,0.5412370402362645,0.05175212548428313,0.013560533315248365
35.60000000000022,0.5460824773177372,0.05203631241540215,0.013616178378233262
35.70000000000022,0.5509659329904456,0.05232393426276307,0.01367241386078573
35.800000000000225,0.5558876094176363,0.05261501191932051,0.013729248071048873
35.900000000000226,0.5608477080874557,0.05290956637514995,0.01378668929740092
36.00000000000023,0.5658464297740544,0.053207618716270555,0.013844745809228553
36.10000000000023,0.5708839744981479,0.05350919012343478,0.013903425857682797
36.20000000000023,0.5759605414870343,0.05381430187088444,0.013962737676417562
36.30000000000023,0.5810763291340715,0.0541229753250728,0.014022689482310937
36.40000000000023,0.5862315349576118,0.05443523194335234,0.014083289476169316
36.500000000000234,0.5914263555593995,0.05475109327262789,0.014144545843414439
36.600000000000236,0.5966609865824279,0.05507058094797464,0.014206466754753441
36.70000000000024,0.6019356226682625,0.05539371669122077,0.014269060366831975
36.80000000000024,0.6072504574138282,0.05572052230949435,0.014332334822870484
36.90000000000024,0.612605683327666,0.05605101969373403,0.014396298253283708
37.00000000000024,0.6180014917856596,0.056385230817163345,0.01446095877628348
37.10000000000024,0.6234380729862362,0.05672317773372817,0.014526324498464884
37.200000000000244,0.6289156159050437,0.057064882576496986,0.014592403515375845
37.300000000000246,0.6344343082491081,0.05741036755602372,0.0146592039120702
37.40000000000025,0.6399943364104744,0.057759654958672704,0.014726733763644322
37.50000000000025,0.6455958854193364,0.058112767144905556,0.014795001135757347
37.60000000000025,0.6512391388966576,0.0584697265475295,0.014864014085135048
37.70000000000025,0.6569242790062894,0.058830555669907025,0.01493378066005744
37.80000000000025,0.662651486406591,0.05919527708412636,0.015004308900830116
37.900000000000254,0.6684209402015565,0.059563913429132656,0.015075606840239413
38.000000000000256,0.6742328178914545,0.05993648740881941,0.01514768250399141
38.10000000000026,0.6800872953229862,0.06031302179008,0.015220543911134836
38.20000000000026,0.6859845466389684,0.06069353940081894,0.015294199074467892
38.30000000000026,0.6919247442275479,0.06107806312792264,0.015368656000929067
38.40000000000026,0.6979080586709547,0.06146661591518942,0.01544392269197195
38.50000000000026,0.7039346586938003,0.06185922076121845,0.015520007143924095
38.600000000000264,0.7100047111109298,0.06225590071725748,0.015596917348329953
38.700000000000266,0.716118380774835,0.06265667888500903,0.01567466129227793
38.80000000000027,0.7222758305226387,0.06306157841439486,0.015753246958711567
38.90000000000027,0.7284772211226552,0.0634706225012785,0.015832682326724908
39.00000000000027,0.7347227112205412,0.06388383438514561,0.01591297537184205
39.10000000000027,0.7410124572850421,0.06430123734674204,0.01599413406628091
39.20000000000027,0.7473466135533462,0.06472285470566927,0.01607616637920126
39.300000000000274,0.7537253319760572,0.06514870981793724,0.016159080276937
39.400000000000276,0.7601487621617933,0.06557882607347423,0.016242883723212746
39.50000000000028,0.7666170513214272,0.06601322689359378,0.016327584679344722
39.60000000000028,0.7731303442119761,0.06645193572841836,0.01641319110442597
39.70000000000028,0.7796887830801549,0.06689497605425984,0.01649971095549593
39.80000000000028,0.786292507605604,0.06734237137095656,0.016587152187694378
39.90000000000028,0.7929416548438055,0.06779414519916677,0.016675522754399742
40.0,0.7996363591686811,0.06825032107761732,0.016764830607351573
40.0,0.4765902339104958,0.13285954612925438,0.016764830607351573
40.1,0.4809193427938051,0.13267446516202058,0.017174112541574964
40.2,0.4852835564232393,0.1324946430999588,0.017576395640901982
40.300000000000004,0.48968308266003296,0.13232008883507185,0.01797181022476019
40.400000000000006,0.4941181291829768,0.13215081142226756,0.018360484716907516
40.50000000000001,0.49858890345715257,0.13198682007834858,0.01874254567446103
40.60000000000001,0.5030956127021387,0.13182812418097595,0.019118117816488492
40.70000000000001,0.5076384638596838,0.13167473326760581,0.01948732405216898
40.80000000000001,0.5122176635608475,0.13152665703439906,0.01985028550852895
40.90000000000001,0.5168334180926046,0.13138390533510308,0.020207121557759843
41.000000000000014,0.5214859333639132,0.13124648817990583,0.02055794984412341
41.100000000000016,0.5261754148712439,0.13111441573426122,0.02090288631045067
41.20000000000002,0.5309020676635687,0.13098769831768592,0.021242045224240492
41.30000000000002,0.5356660963068106,0.13086634640252684,0.02157553920336352
41.40000000000002,0.5404677048477492,0.13075037061269906,0.021903479241377293
41.50000000000002,0.5453070967773855,0.13063978172239388,0.022225974732458076
41.60000000000002,0.5501844749937628,0.13053459065475628,0.022543133495955055
41.700000000000024,0.5551000417642439,0.13043480848053185,0.022855061800572313
41.800000000000026,0.5600539986872456,0.1303404464166824,0.023161864388183982
41.90000000000003,0.565046546653429,0.1302515158249702,0.023463644497287914
42.00000000000003,0.5700778858063467,0.13016802821051002,0.023760503886103037
42.10000000000003,0.5751482155025476,0.13008999522028922,0.02405254285531558
42.20000000000003,0.5802577342711397,0.1300174286416549,0.024339860270479234
42.30000000000003,0.5854066397728119,0.12995034040076806,0.02462255358407423
42.400000000000034,0.5905951287583163,0.12988874256102434,0.024900718857230213
42.500000000000036,0.5958233970264121,0.12983264732144098,0.025174450781117835
42.60000000000004,0.6010916393812727,0.12978206701500952,0.025443842698013728
42.70000000000004,0.6064000495893598,0.12973701410701405,0.025708986622043642
42.80000000000004,0.611748820335763,0.12969750119331447,0.02596997325960829
42.90000000000004,0.6171381431800123,0.12966354099859467,0.02622689202949651
43.00000000000004,0.6225682085113609,0.12963514637457488,0.026479831082690197
43.100000000000044,0.628039205503547,0.1296123302981882,0.026728877321865387
43.200000000000045,0.6335513220690332,0.12959510586972084,0.026974116420593913
43.30000000000005,0.6391047448127299,0.12958348631091574,0.027215632842249836
43.40000000000005,0.6446996589852062,0.1295774849630391,0.027453509858624898
43.50000000000005,0.6503362484353913,0.1295771152849099,0.02768782956825714
43.60000000000005,0.6560146955627731,0.12958239085089138,0.027918672914476778
43.70000000000005,0.6617351812690971,0.12959332534884516,0.028146119703173333
43.800000000000054,0.6674978849095715,0.12960993257804662,0.02837024862028802
43.900000000000055,0.6733029842435843,0.1296322264470621,0.028591137249035236
44.00000000000006,0.6791506553849377,0.1296602209715871,0.02880886208685705
44.10000000000006,0.6850410727516067,0.12969393027224557,0.029023498562114433
44.20000000000006,0.6909744090150278,0.12973336857234957,0.02923512105051897
44.30000000000006,0.6969508350489249,0.12977855019561949,0.02944380289130873
44.40000000000006,0.7029705198776796,0.1298294895638643,0.029649616403171875
44.500000000000064,0.7090336306242545,0.1298862011946217,0.029852632899921613
44.600000000000065,0.7151403324576757,0.1299486996987576,0.030052922705925942
44.70000000000007,0.7212907885400841,0.13001699977802555,0.030250555171295677
44.80000000000007,0.7274851599733639,0.13009111622258462,0.030445598686834142
44.90000000000007,0.7337236057453577,0.13017106390847671,0.030638120698751874
45.00000000000007,0.7400062826756764,0.13025685779506244,0.03082818772314961
45.10000000000007,0.7463333453611161,0.13034851292241545,0.031015865360272853
45.200000000000074,0.7527049461206899,0.13044604440867527,0.03120121830854116
45.300000000000075,0.7591212349402865,0.13054946744735826,0.031384310378355325
45.40000000000008,0.7655823594169661,0.13065879730462654,0.03156520450568555
45.50000000000008,0.7720884647029059,0.1307740493165149,0.03174396276544366
45.60000000000008,0.7786396934490062,0.13089523888611534,0.03192064638464237
45.70000000000008,0.7852361857481688,0.1310223814807194,0.032095315755344536
45.80000000000008,0.7918780790782627,0.1311554926289178,0.03226803044740535
45.900000000000084,0.7985655082447871,0.13129458791765766,0.03243884922101034
46.000000000000085,0.805298605323248,0.13143968298925704,0.03260783003901194
46.10000000000009,0.8120774996012599,0.13159079353837666,0.032775030079067534
46.20000000000009,0.8189023175203887,0.13174793530894888,0.03294050574558163
46.30000000000009,0.8257731826177499,0.13191112409106395,0.033104312681454875
46.40000000000009,0.8326902154673772,0.1320803757178133,0.03326650577964259
46.50000000000009,0.8396535336213768,0.13225570606209008,0.03342713919452549
46.600000000000094,0.8466632515508844,0.1324371310333467,0.033586266353095084
46.700000000000095,0.85371948058684,0.13262466657430974,0.033743939965956385
46.8000000000001,0.8608223288605986,0.13281832865765203,0.03390021203815036
46.9000000000001,0.8679719012443939,0.13301813328262188,0.03405513387979866
47.0000000000001,0.8751682992916714,0.13322409647162992,0.034208756116573064
47.1000000000001,0.8824116211773106,0.13343623426679307,0.034361128699991944
47.2000000000001,0.8897019616377552,0.13365456272643642,0.03451230091754622
47.300000000000104,0.8970394119110674,0.13387909792155248,0.03466232140265711
47.400000000000105,0.90442405967693,0.13410985593221847,0.0348112381444679
47.50000000000011,0.9118559889966121,0.13434685284397152,0.03495909849747208
47.60000000000011,0.9193352802529218,0.13459010474414212,0.03510594919098006
47.70000000000011,0.9268620100901639,0.1348396277181459,0.03525183633842663
47.80000000000011,0.9344362513541264,0.13509543784573402,0.035396805446521296
47.90000000000011,0.942058073032115,0.13535755119720252,0.03554090142424378
48.000000000000114,0.9497275401930583,0.13562598382956065,0.03568416859168656
48.100000000000115,0.9574447139277069,0.13590075178265867,0.03582665068874677
48.20000000000012,0.9652096512889479,0.13618187107527552,0.03596839088366924
48.30000000000012,0.9730224052322576,0.13646935770116617,0.036109431781442956
48.40000000000012,0.9808830245563179,0.13676322762506976,0.036249815432052745
48.50000000000012,0.9887915538438182,0.1370634967786783,0.03638958333858818
48.60000000000012,0.9967480334024678,0.13737018105656648,0.03652877646521168
48.700000000000124,1.004752499206243,0.13768329631208323,0.0366674352449877
48.800000000000125,1.0128049828368957,0.13800285835320514,0.03680559958757486
48.90000000000013,1.0209055114257453,0.1383288829383524,0.03694330888678286
49.00000000000013,1.0290541075957833,0.13866138577216786,0.03708060202799606
49.10000000000013,1.0372507894041143,0.13900038250125912,0.03721751739546552
49.20000000000013,1.04549557028476,0.13934588870990522,0.037354092879471175
49.30000000000013,1.0537884589918538,0.13969791991572736,0.03749036588335609
49.400000000000134,1.0621294595432522,0.14005649156532504,0.03762637333043431
49.500000000000135,1.0705185711645901,0.14042161902987793,0.03776215167077422
49.600000000000136,1.0789557882338083,0.1407933176007139,0.037897736887858934
49.70000000000014,1.08744110022618,0.14117160248484426,0.03803316450512548
49.80000000000014,1.0959744916598655,0.1415564888004667,0.03816846959238438
49.90000000000014,1.1045559420420228,0.14194799157243648,0.03830368677212127
50.00000000000014,1.1131854258155023,0.14234612572770688,0.038438850225682136
50.10000000000014,1.1218629123061556,0.14275090609073943,0.03857399369934376
50.200000000000145,1.1305883656707858,0.14316234737888478,0.03870915051027094
50.300000000000146,1.1393617448457698,0.1435804641977352,0.03884435355236207
50.40000000000015,1.1481830034963822,0.14400527103644914,0.03897963530198446
50.50000000000015,1.1570520899668486,0.14443678226304896,0.039115027823601066
50.60000000000015,1.16596894723116,0.1448750121196928,0.03925056277529007
50.70000000000015,1.1749335128446774,0.1453199747179213,0.03938627141415869
50.80000000000015,1.183945718896555,0.14577168403387994,0.039522184601652764
50.900000000000155,1.193005491963016,0.14623015390351862,0.03965833280876356
51.000000000000156,1.2021127530615072,0.14669539801776862,0.03979474612113312
51.10000000000016,1.2112674176057643,0.14716742991769846,0.039931454244059666
51.20000000000016,1.220469395361818,0.14764626298964964,0.040068486507404334
51.30000000000016,1.2297185904049723,0.14813191046035315,0.040205871870400735
51.40000000000016,1.2390149010777836,0.14862438539202794,0.04034363892636857
51.50000000000016,1.2483582199490708,0.14912370067746242,0.04048181590733276
51.600000000000165,1.2577484337739897,0.14962986903508024,0.04062043068854929
51.700000000000166,1.2671854234551982,0.15014290300399122,0.04075951079293922
51.80000000000017,1.2766690640051443,0.1506628149390289,0.040899083395432016
51.90000000000017,1.2861992245095073,0.1511896170057757,0.041039175327219624
52.00000000000017,1.2957757680918216,0.1517233211755773,0.04117981307992244
52.10000000000017,1.305398551879313,0.15226393922054668,0.04132102280966853
52.20000000000017,1.3150674269699771,0.15281148270856015,0.041462830341087276
52.300000000000175,1.3247822384009302,0.15336596299824576,0.04160526117121872
52.400000000000176,1.3345428251180604,0.15392739123396598,0.04174834047333983
52.50000000000018,1.3443490199470096,0.15449577834079573,0.04189209310070888
52.60000000000018,1.3542006495655143,0.15507113501949715,0.04203654359022913
52.70000000000018,1.364097534477135,0.15565347174149266,0.04218171616603309
52.80000000000018,1.3740394889864005,0.15624279874383742,0.042327634742988375
52.90000000000018,1.3840263211753967,0.15683912602419287,0.04247432293012647
53.000000000000185,1.3940578328818276,0.15744246333580278,0.04262180403399553
53.100000000000186,1.4041338196785746,0.15805282018247316,0.042770101061938286
53.20000000000019,1.4142540708547826,0.15867020581355754,0.04291923672529629
53.30000000000019,1.424418369398497,0.15929462921894919,0.04306923344254155
53.40000000000019,1.4346264919808815,0.1599260991240819,0.04322011334233677
53.50000000000019,1.4448782089420378,0.16056462398494054,0.04337189826652514
53.60000000000019,1.4551732842784553,0.1612102119830833,0.04352460977305102
53.700000000000195,1.4655114756321155,0.16186287102067715,0.04367826913881232
53.800000000000196,1.4758925342812732,0.16252260871554775,0.04383289736244595
53.9000000000002,1.4863162051329395,0.163189432396246,0.04398851516704715
54.0000000000002,1.4967822267170892,0.16386334909713238,0.04414514300282402
54.1000000000002,1.5072903311826145,0.16454436555348093,0.04430280104968805
54.2000000000002,1.5178402442950478,0.16523248819660452,0.04446150921978197
54.3000000000002,1.5284316854360742,0.16592772314900306,0.044621287159945705
54.400000000000205,1.5390643676048519,0.16663007621953627,0.0447821542541217
54.500000000000206,1.549737997421164,0.16733955289862285,0.04494412962570049
54.60000000000021,1.5604522751304182,0.16805615835346752,0.04510723213980761
54.70000000000021,1.5712068946105124,0.16877989742331792,0.045271480405532805
54.80000000000021,1.5820015433805852,0.16951077461475286,0.04543689277810268
54.90000000000021,1.592835902611666,0.17024879409700383,0.0456034873609976
55.00000000000021,1.6037096471392427,0.17099395969731132,0.045771282008014016
55.100000000000215,1.6146224454777591,0.1717462748963179,0.045940294325273086
55.200000000000216,1.6255739598370595,0.17250574282349962,0.04611054167317666
55.30000000000022,1.6365638461407905,0.17327236625263762,0.04628204116831153
55.40000000000022,1.6475917540467746,0.17404614759733172,0.046454809685302995
55.50000000000022,1.6586573269693659,0.1748270889065576,0.04662886385861868
55.60000000000022,1.6697602021037978,0.17561519186026944,0.046804220084323514
55.70000000000022,1.6809000104525345,0.17641045776504988,0.046980894521786914
55.800000000000225,1.692076376853631,0.17721288754980885,0.04715890309534309
55.900000000000226,1.7032889200111145,0.17802248176153318,0.04733826149590538
56.00000000000023,1.7145372525273863,0.1788392405610888,0.04751898518253561
56.10000000000023,1.7258209809376575,0.17966316371907706,0.0477010893839694
56.20000000000023,1.7371397057464169,0.18049425061174726,0.047884589100098296
56.30000000000023,1.748493021465938,0.1813325002169668,0.04806949910340974
56.40000000000023,1.7598805166568257,0.18217791111025103,0.048255833940385726
56.500000000000234,1.771301773970603,0.18303048146085404,0.04844360793286108
56.600000000000236,1.7827563701943412,0.18389020902792297,0.04863283517934229
56.70000000000024,1.7942438762973287,0.1847570911567165,0.04882352955628776
56.80000000000024,1.8057638574797779,0.18563112477489016,0.04901570471935041
56.90000000000024,1.8173158732235668,0.1865123063888495,0.049209374104583495
57.00000000000024,1.8288994773450111,0.18740063208017327,0.04940455092961058
57.10000000000024,1.8405142180496608,0.18829609750210802,0.04960124819476049
57.200000000000244,1.8521596379891132,0.18919869787613577,0.049799478684168175
57.300000000000246,1.8638352743198372,0.19010842798861663,0.04999925496684229
57.40000000000025,1.8755406587639967,0.19102528218750772,0.05020058939770047
57.50000000000025,1.8872753176722648,0.1919492543791602,0.05040349411857307
57.60000000000025,1.8990387720886162,0.19288033802519577,0.05060798105917626
57.70000000000025,1.9108305378170856,0.1938185261394647,0.05081406193805533
57.80000000000025,1.9226501254904773,0.19476381128508613,0.05102174826349908
57.900000000000254,1.9344970406410127,0.19571618557157297,0.051231051334426125
58.000000000000256,1.9463707837728963,0.19667564065204257,0.05144198224124389
58.10000000000026,1.9582708504367867,0.19764216772051443,0.051654551866681254
58.20000000000026,1.9701967313061497,0.19861575750929683,0.0518687708865956
58.30000000000026,1.9821479122554768,0.1995964002864634,0.05208464977075504
58.40000000000026,1.9941238744403467,0.20058408585342133,0.05230219878359681
58.50000000000026,2.0061240943793073,0.20157880354257257,0.052521427984962406
58.600000000000264,2.0181480440375545,0.20258054221506908,0.052742347230810525
58.700000000000266,2.0301951909123863,0.20358929025866368,0.0529649661739084
58.80000000000027,2.042264998120401,0.2046050355856579,0.053189294264502446
58.90000000000027,2.054356924486416,0.20562776563094767,0.053415340750969015
59.00000000000027,2.0664704246340824,0.20665746735016846,0.05364311468044595
59.10000000000027,2.078604949078157,0.20769412721794084,0.053872624899445824
59.20000000000027,2.0907599443184113,0.20873773122621764,0.054103880054451575
59.300000000000274,2.10293485293514,0.20978826488273386,0.05433688859249534
59.400000000000276,2.1151291136862405,0.21084571320956036,0.05457165876172122
59.50000000000028,2.127342161605823,0.2119100607417623,0.05480819861193277
59.60000000000028,2.1395734281043293,0.21298129152616357,0.0550465159951259
59.70000000000028,2.1518223410701105,0.21405938912021774,0.055286618566008056
59.80000000000028,2.1640883249724356,0.21514433659098686,0.05552851378250424
59.90000000000028,2.1763708009658935,0.21623611651422875,0.05577220890625075
60.0,2.1886691869961106,0.21733471097359053,0.056017711003076655
